Word,Expected Probability
supermarket,1
warn,1
batteri,0.857142857
fold,0.857142857
insurance,0.857142857
preciou,0.857142857
reasons,0.857142857
bonu,0.857142857
skip,0.818181818
insan,0.789473684
lil,0.789473684
struggling,0.789473684
admit,0.777777778
stapl,0.777777778
anticip,0.75
compens,0.75
constant,0.75
corpor,0.75
couldnt,0.75
deplet,0.75
familiar,0.75
interact,0.75
overal,0.75
pinch,0.75
pure,0.75
rut,0.75
shoulder,0.75
reserv,0.75
packag,0.75
needi,0.724137931
asham,0.714285714
change,0.714285714
connect,0.714285714
dental,0.714285714
greatest,0.714285714
grow,0.714285714
squar,0.714285714
leg,0.705882353
younger,0.705882353
income,0.692307692
university,0.692307692
individu,0.677419355
spoil,0.677419355
9th,0.666666667
agenc,0.666666667
certif,0.666666667
frugal,0.666666667
guarante,0.666666667
independ,0.666666667
indianapoli,0.666666667
lawyer,0.666666667
min,0.666666667
oil,0.666666667
reject,0.666666667
splurg,0.666666667
by,0.666666667
constantli,0.666666667
subsist,0.666666667
sum,0.666666667
belong,0.652173913
deni,0.652173913
est,0.652173913
giftcard,0.652173913
googl,0.652173913
loui,0.652173913
others,0.652173913
releas,0.652173913
trust,0.652173913
unexpectedli,0.652173913
marri,0.647058824
fri,0.642857143
or,0.642857143
ridicul,0.642857143
updat,0.642857143
remain,0.636363636
weather,0.636363636
13,0.631578947
earn,0.631578947
monthli,0.631578947
item,0.622641509
incred,0.616438356
0,0.6
36,0.6
belly,0.6
camp,0.6
comp,0.6
e-mail,0.6
file,0.6
financially,0.6
fli,0.6
ft,0.6
gal,0.6
garden,0.6
immens,0.6
midst,0.6
million,0.6
mission,0.6
nm,0.6
rambl,0.6
rel,0.6
screenshot,0.6
sight,0.6
suddenli,0.6
thousand,0.6
wit,0.6
bind,0.6
bust,0.6
decemb,0.6
desk,0.6
instant,0.6
seri,0.6
sigh,0.6
sincer,0.6
tie,0.6
grandmoth,0.6
guilti,0.6
jobs,0.6
leas,0.6
part-tim,0.6
proud,0.6
remind,0.6
sub-reddit,0.6
swear,0.6
woman,0.6
delet,0.6
puppi,0.6
alone,0.6
collect,0.6
everyone,0.6
mo,0.6
anniversari,0.6
cup,0.6
landlord,0.6
nj,0.6
